﻿{"cameraMode":{"drawMode":0,"name":"Shaded","section":"Shading Mode"},"sceneLighting":false,"audioPlay":false,"sceneViewState":{"showFog":true,"showMaterialUpdate":false,"showSkybox":true,"showFlares":true,"showImageEffects":true,"showParticleSystems":true},"in2DMode":false,"pivot":{"x":-0.9999998807907105,"y":5.0,"z":-1.1920928955078126e-7},"rotation":{"x":-0.04530918225646019,"y":0.9546874165534973,"z":-0.20679131150245667,"w":-0.209180548787117},"size":2.8578941822052,"orthographic":false}